Project title,Term,Year,Project report link,WPI only?,Sponsor(s),Authors,Co-advisor(s),Topic(s),Categories,Website ,
Feasibility Study of the Venice Project Center,B,1988,https://docs.google.com/document/d/1VY9l-9-meglB66dZCybe2xg5bVbfiokp/edit?usp=sharing&ouid=104817278116150745233&rtpof=true&sd=true,,Venice Project Center,Michael R. Cote; Anthony S. Cucci; David M. George; Richard J. Granfield; Michael J. Kroese; John P. Lankhof,Lance A. Schachterle,Bootstrap,,,6
Future of Science and Technology in Venice,E,1989,https://docs.google.com/document/d/1id5wwYRO_9lSXw4lA0Da3czBlgvvjbGd/edit?usp=sharing&ouid=104817278116150745233&rtpof=true&sd=true,,Serenissima Development and Preservation through Technology Association (SERENdpt),Paolo Cattaneo; Cristiano Luis Succi Pierry; Evan W. Sullivan,Lance A. Schachterle,Technology,,,3
Re-utilization of the Island of Lazzaretto Nuovo,E,1989,https://docs.google.com/document/d/1QQOvdtHYGJaNrsKJTx0OV3r8BsLkGdflr-L-O8qEjSo/edit?usp=sharing,,EKOS Club,Frank L. Davidson; Mary Helen Adair MacLean,Lance A. Schachterle,Lagoon; Islands,,,2
Churches of Venice: A System for Restoration Analysis,E,1990,https://docs.google.com/document/d/1YP8CHCG0m4L3tDwny_C_c7csYwl43w8lObOMbXBs8ko/edit?usp=sharing,,Randolfi Architectural Studio,Luca Bortolami; Luis-Carlos Campo; Carl Frederic Madsen,John F. Zeugner,Art; Churches,,,3
Computer Applications in the Humanities,E,1990,https://docs.google.com/document/d/1kyHVa1bqs5l0AR_OBO9DJGtvYWGlGIqe/edit?usp=sharing&ouid=104817278116150745233&rtpof=true&sd=true,,University of Venice,Surbi Chadha; Tzu-Ching J. Chang; Jaime DelPrado,John F. Zeugner,Technology,,,3
Feasibility Study for the Relocation of the University of Venice to Abandoned Lagoon Islands,D,1990,,,Serenissima Development and Preservation through Technology Association (SERENdpt),Spyro J. Kotsonis; Michael Maglio; Joseph M. Soscia,John F. Zeugner,University of Venice; Lagoon; Islands,,,3
"Hygenic, Dynamic, and Static Study of the Canals of Venice, Italy",C,1990,https://docs.google.com/document/d/18tASHevTgSsazxrS-ukupfU59Au-gjc6JepWIhrw2fo/edit?usp=sharing,,Istituto per lo Studio della Dinamica delle Grandi Masse (ISDGM),Michael Ciacciarelli; Brian M. O'Connor; Barry B. Sylvia; Steven P. Testa,John F. Zeugner,Canals; Hydrodynamics,,,4
Lagoon Archaeology (IQP Award),E,1990,https://docs.google.com/document/d/1Bd4wOd3KQ_HoQEestz3PR-P2241NMkdC7M-8PHeJmh0/edit?usp=sharing,,Soprintendenza per i Beni Ambientali e Architettonici; Equipe Veneziana di Ricerca; Archeoclub of Italy; Soprintendenza all'Archeologia; Idra,Nicola M. McGowan; Reinaldo F. Niella; Pierre Schrappe; Jennifer Smith Strother,John F. Zeugner,Archaeology,,,4
Organic Farming in the Venetian Lagoon,E,1990,https://docs.google.com/document/d/1I78envf50m92QwgwuoGa_WQPTppdnIiCWmQDHf1c0hk/edit?usp=sharing,,Saccagnana Coop,Marco Andreoni; Orhan M. Arsel; Samir Sood,John F. Zeugner,Lagoon; Farming,,,3
Quantifying the Problem of Acid Fog and Acid Rain in Venice,C,1990,https://docs.google.com/document/d/1qVHeU_WkPh4amgCdukDXLlo-u1-Cfewm82huSS-d8XI/edit?usp=sharing,,Laboratorio Scientifico della Soprintendenza ai Beni Artistici e Storici di Venezia,"Patrise G. Puleo Hahn; William R. LaPrade, Jr.; Ryan S. Marcotte",John F. Zeugner,Pollution,Pollution; Architecture,,3
SERENdpt Project,E,1990,https://docs.google.com/document/d/13ZB5XRizjR88TJuHSYnQ54AqmaKkLs1fREItat0Wkqg/edit?usp=sharing,,Serenissima Development and Preservation through Technology Association (SERENdpt),Susan E. Carlson; Alessandro Casagrande; Edward J. Connor; Sean P. Moore; Mark J. Sarmiento,John F. Zeugner,Organizations,,,5
Solar Photovoltaic Applications in Venice,E,1990,https://docs.google.com/document/d/13MRRXt2MAfqoyyGJAjX2dOZ7NdJvAs6c5iFq3OrYZNE/edit?usp=sharing,,,John C. Ahern; Vineet Jain; Brian R. Kraft,Edward Clarke,Solar power,,,3
Study of the Applicability of Pollution Control Technology on the Island of Murano,D,1990,https://docs.google.com/document/d/1Me3iAai1D39w8ICzhkR6lqgrDEsRhujmzcmURrqhIQ8/edit?usp=sharing,,Associazione Artigiani di Venezia,Jennifer Creamer Berglund; Rocco Paduano; Roberto Reyna; Jehan M. Tamboowalla,John F. Zeugner,Pollution; Murano,,,4
"Wetland Management for the Lagoon Park Proposal in Venice, Italy",E,1990,https://docs.google.com/document/d/1rp97Gg_IhAlM_TWEnnIaExLzfsa3qzux6YCnYzQ_hiQ/edit?usp=sharing,,World Wildlife Fund - Venice (WWF),Carmen L. Barillas; Jonathan P. Loveland; Donna M. Roche,John F. Zeugner,Lagoon; Ecosystem,,,3
Archeoclub Inventory,E,1991,,,Archeoclub of Venice,"Sergio Mondlak; William H. Rockford, III; Steven A. Tufts",Lee A. Becker,Public art,,,3
"Interrelations of Weather, Pollution, and Acid Precipitation in Venice and their Effects on Indoor and Outdoor Art",C,1991,https://docs.google.com/document/d/1--r_VFbUHNg3SgPxPbhqfOs78KLadTxSKqaW2VaCyzI/edit?usp=sharing,,Laboratorio Scientifico della Misericordia; Soprintendenza ai Beni Artistici e Storici di Venezia,Michael A. Achim; Nicholas F. DiCamillo; Cheri A. LaFrinea; Melissa L. Paddock,Lee A. Becker,Pollution; Art,,,4
Inventions for Venice,E,1991,,,,Christine A. Easton Dusio; Deborah L. Leslie; Brian J. Malone,Lee A. Becker,Technology,,,3
Lagoon Archaeology II,E,1991,,,Equipe Veneziana di Ricerca,Corien M. Bakermans; Marc K. Davidson; Juliet K. Vescio Spencer,Lee A. Becker,Lagoon; Archaeology,,,3
Museums of Venice (IQP Award),E,1991,https://docs.google.com/document/d/1j7GBYYXojUBQdDUWU8hNlICZvKoCMHkdcX77ZnLf6V8/edit?usp=sharing,,,Berk Eksioglu; Raquel Medina-Bethencourt; Mauricio Molina,Lee A. Becker,Museums,,,3
"Study of Tide Flows, Mud Buildup, Boat Traffic, and Structural Damage on the Cannaregio Canal Subsystem",D,1991,https://docs.google.com/document/d/19z0fpK_2EjHIad7EHeSplR-Ht3zofr7Y0knNjpQCJg8/edit?usp=sharing,,Istituzione Centro Previsioni e Segnalazioni Maree; Istituto per lo Studio della Dinamica delle Grandi Masse (ISDGM),Hernando Carvajal; Manrico Federico; Carlos Gonzalez; Timothy C. Johnson; Jeffrey R. Levesque,Gianpietro Zucchetta,Canals; Sediments; Damage; Wakes,,,5
Venetian Cartography,E,1991,,,,Ricardo J. Behar; Giulio Grandinetti; Donato A. Miranda,Lee A. Becker; John F. Zeugner,GIS,,,3
"Analysis of Structural Damage to the Canal Walls of the Sestiere of Castello, Venice",E,1992,https://docs.google.com/document/d/1lc1FZzFKYH1mkGLntQatoJ1Vb0O0hQr2Q3YeRVYjBCc/edit?usp=sharing,,,"Chad R. Binkerd; Ralph Anthony Maselli, II; Scott H. Stoddard",Lee A. Becker,Canal walls; Damage; Wakes,,,3
"Analysis of Structural Damage to the Canal Walls of Venice, Italy",D,1992,https://docs.google.com/document/d/13rBYi3fsxAHOz2xyNX74AWOSfo8n0j2e3bXa1UWTkHc/edit?usp=sharing,,UNESCO (UVO-ROSTE),Timothy H. Cupples; Garret Trombi; George F. Willwerth,Lee A. Becker,Canals; Damage; Wakes,,,3
Archeoclub Inventory II,E,1992,,,Archeoclub of Venice,Tracy J. Adamski; David M. Giudice; Edward J. Iorio; Lara K. Papesca,Lee A. Becker,Public art,,,4
Documentation and Analysis of Boat Traffic in the Venetian Canals,C,1992,https://docs.google.com/document/d/1w00n6GKblx6RzNGhIjnqoSzkUkavs08vZ_1NCwOZD-U/edit?usp=sharing,,UNESCO (UVO-ROSTE),Jennifer M. Corey Diorio; Sherri L. Curria; Paul F. Ormond,Lee A. Becker,Boat traffic; Canals; Damage; Wakes,,,3
Documentation and Analysis of Boat Traffic in the Venetian Canals,D,1992,https://docs.google.com/document/d/1XqpSxuhsGHoMtn6zgq6ynn-UYtTvy4iaSPXLG-E9esw/edit?usp=sharing,,UNESCO (UVO-ROSTE),Brian N. Card; Matthew F. Flannery; Michael A. R. Kaliski; James M. Sambrook,Lee A. Becker,Boats; Traffic; Canals; Wakes,,,4
Documentation and Analysis of Boat Traffic on the Canals within the Sestiere di Castello di Venezia,E,1992,https://docs.google.com/document/d/1wjLgvAi0EfC74oAtlesCf8yi3GxlFxsjg7ZVqTi4dD8/edit?usp=sharing,,,Mark S. Densmore; Anthony G. Doherty; Michael A. Gallagher,Lee A. Becker,Boats; Traffic,,,3
Geographical Information System for the Canals of Venice,D,1992,,,UNESCO (UVO-ROSTE),John A. Cutonilli; John A. Roy; John B. Thornton,Lee A. Becker,GIS,,,3
"Geographical Information System for Venice, Italy",C,1992,,,UNESCO (UVO-ROSTE),Brian A. Baker; Russell H. Beavis; Beth A. Newton Tubbs,Lee A. Becker,GIS,,,3
Infrared Reflectoscopy: Non-Destructive Analysis of Works of Art,E,1992,https://docs.google.com/document/d/1bxDqPGEct40M3EjumfrVTdtK9ZHeiUIFlVrUL4XLzYA/edit?usp=sharing,,Soprintendenza ai Beni Artistici e Storici di Venezia,John C. Belfonti; Kern S. Corrigan; Cory R. Jobe,Lee A. Becker,Art,,,3
Multimedia Applications in the Study of Canals,E,1992,https://docs.google.com/document/d/1hgI4l00dIWhZ7XYphV2JXb-WA5gzON9JO3LkxORibnk/edit?usp=sharing,,UNESCO (UVO-ROSTE),Gregory P. Bloom; Erwin A. Landivar; Roberto B. Villa,Lee A. Becker,Canals,,,3
"Structural Damage on the Canal Walls of Venice, Italy",C,1992,https://docs.google.com/document/d/13rBYi3fsxAHOz2xyNX74AWOSfo8n0j2e3bXa1UWTkHc/edit?usp=sharing,,UNESCO (UVO-ROSTE),Gregory A. Kirkos; Marc Nicolazzo; Glen V. Zoladz,Lee A. Becker,Canal walls; Damage; Wakes,,,3
Topological and Hydro-Dynamic Study of the Canals in the San Marco Area,D,1992,https://docs.google.com/document/d/1lqxBf6B-pJHnM7Bs6jwuKBT4XsixZupLsDQYg80oc4E/edit?usp=sharing,,UNESCO (UVO-ROSTE),Kristi Henricksen Perry; Danielle L. Luongo Fries; Hollybeth Normandin,Lee A. Becker,Canals; Hydrodynamics; Wakes,,,3
Churches of Venice II: A System for Artistic Restoration Analysis,E,1993,https://docs.google.com/document/d/1YP8CHCG0m4L3tDwny_C_c7csYwl43w8lObOMbXBs8ko/edit?usp=sharing,,Nicola Randolfi; Randolfi Architectural Studio,Brian C. Aldrich; Kevin Shea; David W. Youkstetter,Bland Addison,Churches,,,3
Comprehensive Review of the Worcester Polytechnic Institute Venice Canal Studies,D,1993,https://docs.google.com/document/d/1WNGkxAeRsCj_qUz9NR5yB7kwAb_DpBLfyX0LUsCEBIQ/edit?usp=sharing,,UNESCO (UVO-ROSTE),"Jocelyn A. Bessey Mitchell; Enrico R. Cafaro; Victoria Klun; James B. McElroy, Jr.; Jennifer Shaw Pedro",Bland Addison,Canals,,,5
Computer Applications in Lagoon Archeology,E,1993,,,Archeoclub of Venice,John C. Berry; Gerald D. Ducharme; Charles R. Merry; Brian R. Rapids,Bland Addison,Lagoon archeology,,,4
Creation of A Database Management Program for Cataloging Computer Images Used in the Non-Destructive Analysis of Works of Art,E,1993,,,Soprintendenza ai Beni Artistici e Storici di Venezia,Joel C. Belog; Lourenço W. K. Dantas; Paul E. Hammerstrom,Bland Addison,Art; Restoration,,,3
Data Synthesis of the Worcester Polytechnic Institute Venice Canals Project,E,1993,https://docs.google.com/document/d/1Rwj_wcpZnHTGMSOjzRKxk2yURDaREMbL3p63wnGXp-0/edit?usp=sharing,,UNESCO (UVO-ROSTE),"Kerry J. Cooke Keleshian; John F. Ebersole, Jr.; Heide Angela Marrino Stokes; Lisa Rosiello",Bland Addison,Canals,,,4
Forum Per La Laguna di Venezia,E,1993,https://docs.google.com/document/d/165avuvcbmSArLYzRUUao9UoIZgUY1QcSscJyA1gFHZE/edit?usp=sharing,,Forum per la Laguna di Venezia,Nicolle E. Burnham; Heather L. Emerson; Kevin M. Furbish,Bland Addison,Organizations,,,3
Outdoor Art Inventory of the San Marco Sestiere,E,1993,https://docs.google.com/document/d/1h8-ZFanf-_TWN4gaf35CAITkL_I0IGeCZsTkVAulsp0/edit?usp=sharing,,Archeoclub of Venice,"Maria C. Dilanco Garcia; John V. Handal; Edward M. Mason, II",Bland Addison,Public Art,,,3
UNESCO Venice Lagoon Ecosystem Project,E,1993,https://docs.google.com/document/d/1MPe47PIVeq6P-HmMMTD7G9uXEgiuPzzHeIr83CoYYN8/edit?usp=sharing,,UNESCO (UVO-ROSTE),Larry R. Breen; Salvatore Gencarelli; James Leo Kilgallon,Bland Addison,Lagoon; Ecosystem,,,3
Buildings and Information of the Canals of Venice,E,1994,,,UNESCO (UVO-ROSTE); Forum di Venezia; Commune di Venezia,Ann Cournoyer Kingsland; Anthony Marino; Domenico Paduano,Malcolm FitzPatrick,Buildings; Canals,,,3
Documentation and Analysis of Public and Overnight Boat Parking on the Canals Within the Insula di Santa Maria Zobenigo,E,1994,https://docs.google.com/document/d/192HueT6Zihol2ayKKE7PSQdWmGGdBuEiLVmWE6rfVkk/edit?usp=sharing,,UNESCO (UVO-ROSTE),Mark G. Calvanese; Pranas Lukauskis,Malcolm FitzPatrick,Boats; Traffic; Parking; Canals; Maintenance; Wakes,,,2
"Documentation and Analysis of the Docks, Cargo Deliveries, and Boat Traffic Within the Santa Maria Zobenigo Insula",E,1994,https://docs.google.com/document/d/1VbTtkoW5rK8ZBX1qK9uBygUIEkPTZBkkARLh3CJam24/edit?usp=sharing,,UNESCO (UVO-ROSTE),Diego Felices; Carlos Moreno; Alexander Munoz; Brian J. Smith,Malcolm FitzPatrick,Traffic; Docks; Deliveries,,,4
"Le Sponde dei Canali di Castello, Venezia",E,1994,https://docs.google.com/document/d/1dvYsGFyXjhq_EXIPsPmQhtP072w1j4T4ETySFKrO5pQ/edit?usp=sharing,,UNESCO (UVO-ROSTE),Amy Cahill; Gregory Masterson; Carlos A. Zapata,Malcolm FitzPatrick,Canals,,,3
Method for the Evaluation of Venetian Bells and Bell Towers,E,1994,https://docs.google.com/document/d/15Cn6OgCpVtDub29R9ck-miO3kVeVFSc4RoDx2D9ljUs/edit?usp=sharing,,,Enith C. Morillo; Saskia Rosas,Malcolm FitzPatrick,Bell towers,,,2
Outdoor Art Inventory of the Sestiere di Castello,E,1994,https://docs.google.com/document/d/1T8woafyPb-On4Ox3iHyeCwzQn5_00pD5o_XZLTHfZTQ/edit?usp=sharing,,UNESCO (UVO-ROSTE); Archeoclub of Venice,Elizabeth R. Fonseca; Brent R. Johnson; Samuel C. Russell Jr.,Malcolm FitzPatrick,Public art,,,3
Solar Powered Canal Markers in Venice,E,1994,https://docs.google.com/document/d/1GGBazmcmQOvFYv_LpAyhtTrgp5YPjRZH9zzIcqrGYEc/edit?usp=sharing,,Forum di Venezia; Eurosolar; UNESCO (UVO-ROSTE),Krogen Carreno; Gaetano J. Fichera; Robert Van Kirk,Malcolm FitzPatrick,Solar power; Canals,,,3
"Computerized Catalog of Outdoor Art in Dorsoduro, Venice (IQP Award)",E,1995,https://drive.google.com/drive/folders/1-5WJ1fyPEmAk1rKVAytXB3YfkZ2iOt58?usp=share_link,,Archeoclub of Venice; Earthwatch; Committee for the Conservation of Venetian Public Art,Jesus M. Beltran; Erin E. Brophy; Alex Cardenas,Douglas D. Woods,Public art,,,3
Computerized Catalog of the Wellheads of Venice in the Sestiere of Dorsoduro,E,1995,,,,Alexander Boriakoff; Ian Buckley; Kristen D. Magnifico Becker,Douglas D. Woods,Public art; Wellheads,,,3
Computerized Catalog of Venetian Bells and Bell Towers,E,1995,,,,Dianna M. Carlson; Rebecca A. Prince Byrne; Susan M. Roosa,Douglas D. Woods,Bell towers,,,3
Computerized Catalog of Venetian Decorative Keystones,E,1995,,,,Minn Ayetut; Frank Chi-Yuan Chou; Takehiro Kawano,Douglas D. Woods,Public art; Keystones,,,3
"Documentation and Analysis of the Traffic, Cargo Deliveries, and Docks Within the Insulae of Santa Maria Formosa and Frari",E,1995,,,Città di Venezia; UNESCO (UVO-ROSTE),Kevin M. Doherty; Joseph M. Maraia; Carlos Parodi; Flavia Souto Pastore,Douglas D. Woods,Canals; Docks,,,4
"Study of Water Quality in the S.M. Formosa Insula: Introducing a Citizen Monitoring Program in Venice, Italy",E,1995,,,Forum per la Laguna di Venezia,Jennifer M. Johnson; Theodore Kabissios; Jose J. Vargas,Douglas D. Woods,Water quality,,,3
Venice Project Center,E,1995,https://docs.google.com/document/d/0B9kJ1wT04N5yME5WbFd4M2U1UXM/edit?usp=sharing&ouid=104817278116150745233&resourcekey=0-sckamM6_csEM6w3ntlNKlw&rtpof=true&sd=true,,,Samantha Lynn Davis; Marco Alberto Fedeli; Zachary Thomas Oser,Douglas D. Woods,Organizations,,,3
Creation of A CD-ROM on the Northern Lagoon of Venice for the Information and Education of Tourists and Residents,E,1996,https://docs.google.com/document/d/1MqlsUExCxCWzv94BRxNoqwBZnxKt58Mh/edit?usp=sharing&ouid=104817278116150745233&rtpof=true&sd=true,,Forum per la Laguna di Venezia,Reneé Kim Charpentier; Matthew Brent Greenfield; Jennifer Ann Lowell Kijak,James S. Demetry,Lagoon; Tourism,,,3
Documentation and Analysis of Canal Boat Parking Within Santa Maria Formosa Insula and Santa Maria dei Frari Insula,E,1996,https://drive.google.com/file/d/0B0ELG5jkw_b4aUxvY2tyWE1GR0E/edit?usp=sharing,,Consorzio per la Ricerca e la Formazione in Liquidazione (COSES); Città di Venezia,Victor R. Bravo; Jose Lopez; Zung Q. Nguyen,James S. Demetry,Canals; Parking,,,3
"Reutilization of the Cardazzo Complex in Cannaregio, Venice",E,1996,,,Instituto Veneto per il Lavoro (IVL),Noel J. Bolduc; Camilla M. Canepa; David G. Goncalves; Ricardo Perea,James S. Demetry,Organizations,,,4
"Sustainable Venice: A Local Implementation of Agenda 21 in Venice, Italy",E,1996,https://docs.google.com/document/d/1DkQh2EHePWe_BUmru_3RDjz1ROuiRsUY/edit?usp=sharing&ouid=104817278116150745233&rtpof=true&sd=true,,Forum per la Laguna di Venezia,Richard F. Crispo; Jamie Richard Murdock; Alexandru Catalin Nemetz,James S. Demetry,Sustainabiltiy,,,3
"Computerized Catalog of Flagstaff Pedestals in Venice, Italy",E,1997,,,Assessorato all'Urbanistica,Kimberly M. James; Michael C. Malchiodi; Jonathan Michael Reynolds,John F. Zeugner,Public art,,,3
Development of a Computerized Decision Support System for the Scheduled Maintenance of the Inner Canals of Venice,E,1997,,,Commune di Venezia; UNESCO (UVO-ROSTE),Carlo M. Cioffi; Vicky L. Dulac O'Sullivan; José F. Marsano; Robert R. Reguero,John F. Zeugner,Canals; Maintenance,,,4
"Development of a Prototype for an Automated Ambulance Dispatch System in Venice, Italy",E,1997,,,Thetis,"Stefan James Caporale; Maximo J. Cergneux; William Freed, Jr.; Anna Lisa Matzal Tillinghast",John F. Zeugner,Bridges; Canals; Docks; Traffic,,,4
Optimization of Cargo Boat Deliveries through the Inner Canals of Venice,E,1997,https://docs.google.com/document/d/1wstGK3ZF4kQ_iUG7z2B0hyK6DFFYfy9H/edit?usp=sharing&ouid=104817278116150745233&rtpof=true&sd=true,,UNESCO (UVO-ROSTE); University of Venice; Associazione Artigiani di Venezia,Karolyn B. Amlaw Laher; Carie Lin Kervin Kervin; Ignacio Mondine; Charu P. Vepari,John F. Zeugner,Canals; Cargo; Transportation; Deliveries,,,4
Preliminary Feasibility Study of the Implementation of a HIFLO Vacuum Sewerage System within the City of Venice,E,1997,,,Alan Hassett; Oak Hill Company Ltd.,Martin Felices; Lauren M. Goodfellow; Jay L. Johnston; Sonali Maheshwary,John F. Zeugner,Sewers; Canals,,,4
"Analysis of Sewer Holes and Canal Wall Damage in Venice, Italy",E,1998,https://docs.google.com/presentation/d/0B7ELN_M21x_kbW1XMVQwMVFJSms/edit?usp=sharing&ouid=104817278116150745233&resourcekey=0-v9JbYVxbKasLG-TrQKUkSg&rtpof=true&sd=true,,UNESCO (UVO-ROSTE); Insula SpA,Kristopher T. Babic; Michael M. Borek; Grant G. Leeds; Stylianos Sidiroglou,Fred J. Looft,Sewers; Canals; Damage; Pollution,,,4
"Inventory and Analysis of the Bridges and Pedestrian Traffic in the Dorsoduro, San Polo, and Santa Croce Sestieri of Venice",E,1998,,,Insula SpA,Rahul Bhan; Ashley L. Deliso Bregman; Stephanie A. Hubbard; Gregory D. MacLeod,Fred J. Looft,Bridges; Pedestrians,,,4
"Monitoring and Analysis of the Cargo Delivery System in the Sestieri of San Polo, Santa Croce, and Dorsoduro in Venice, Italy",E,1998,https://docs.google.com/document/d/0B4r87xN0ctkpd0g3cjdzSzczakk/edit?usp=sharing&ouid=104817278116150745233&resourcekey=0-AGIygxEiwdoEFHYzo0XrUA&rtpof=true&sd=true,,Insula SpA,Stefano Ceriana; Daniel R. Nashold; Joan K. Olender; Matthew R. Poisson,Fred J. Looft,Docks; Deliveries,,,4
"Multimedia Catalog and Visitor Information Management Plan for the Collections of the Palazzo Ducale in Venice, Italy",E,1998,,,Città di Venezia; Direzione Musei Civici; Manuele Medoro,"Kenneth C. Bonanno; Go Ishikawa; Glenn R. Thoren, Jr.; Lindsay E. Voss",Fred J. Looft,Palazzo Ducale; Museum,,,4
Planning and Implementation of Campaigns for the Quantification and Analysis of Venetian Lagoon Traffic,E,1998,,,Provincia di Venezia; Settore Trasporti,Addi R. Butler; John J. Casill; Samuel O. Castillo; Turgut Sarioglu,Fred J. Looft,Traffic; Lagoon,,,4
"Venice Project Center's Tenth Anniversary: The Documentation, Interpretation, and Presentation of its History",E,1998,,,,James M. Behmke; Tanya M. Corrado; Gabriel M. Flores,Fred J. Looft,Anniversary,,,3
Estimation of Excursionist Tourists in the City of Venice,E,1999,https://digital.wpi.edu/pdfviewer/5q47rp148,Y,Azienda di Promozione Turistica di Venezia,Eduardo Braghin; Carlos Roberto Calvo; Ark Gozubuyuk; Mark Bartholomew Hodos,Stephen J. Weininger,Tourism,,,4
Hydrodynamics of the Inner Canals of Venice,E,1999,Student Work | Hydrodynamics of the inner canals of Venice. | ID: pc289j48s | Digital WPI,,Insula SpA; UNESCO (UVO-ROSTE),Christine Liliana Biscotti; Andrea May Emery; Maxwell Pistilli; Joseph Adam Zsofka,Stephen J. Weininger,Hydrodynamics; Canals; Sediments; Wakes,,,4
Information Management at the Palazzo Ducale,E,1999,,Y,Musei Civici di Venezia,Jennifer Lynne Cooper Forsythe; Michael Bernard Mahan; Alex Fernando Narváez; Nathaniel P. Wieselquist,Stephen J. Weininger,Palazzo Ducale; Museum,,,4
"Quantification of Sediment Sources in the City of Venice, Italy",E,1999,http://www.wpi.edu/Pubs/E-project/Scanned/99A007I.pdf,Y,UNESCO (UVO-ROSTE); Insula SpA,Alexander Peter Borrelli; Matthew John Crawford; James William Horstick II; Halil Iizzettin Ozbas,Stephen J. Weininger,Pollution; Canal damage; Sediments,,,4
Remote Boat Monitoring System (MQP),E,1999,http://www.wpi.edu/Pubs/E-project/Scanned/99A009M,Y,Città di Venezia,Adam Charles Blomberg; Rebecca A. Kupcinskas; Ana-Maria Elena Mandrila; Benjamin E. Newton; Thomas Michael Vacca,Fred J. Looft,Boats; Transportation,,,5
"Safeguarding the Churches of Venice, Italy: A Computerized Catalogue and Restoration Analysis",E,1999,https://drive.google.com/file/d/0B0ELG5jkw_b4VzdLWENKa3pTSkE/edit?usp=sharing,http://www.wpi.edu/Pubs/E-project/Scanned/99A006I.pdf,UNESCO (UVO-ROSTE),Brian Christopher Donnelly; Brynn Gemma Hart Hanson; Matthew Justin Pilotte; Thomas Christopher Scherpa,Stephen J. Weininger,Churches,,,4
Venetian Transcription Software (MQP),E,1999,http://www.wpi.edu/Pubs/E-project/Scanned/99E005M.pdf,Y,Venetian Archives,Nathan Patrick Finch,Stanley M. Selkow,Transcription,,,1
Venice Underground,E,1999,http://www.wpi.edu/Pubs/E-project/Scanned/99E022I.pdf,Y,Insula SpA,"Nicholas Andrew Allgaier; John Michael Bottino, II; Michael Scott Kimbrel; Garrett T. Sutton",Stephen J. Weininger,Underground,,,4
Assessment of the State of Tourism in Venice: A Quantitative Estimate and Characterization of Excursionist Tourists,E,2000,Student Work | An Assessment of the state of tourism in Venice -- a quantitative estimate and characterization of excursionist tourists. | ID: gt54kn28r | Digital WPI,,Azienda di Promozione Turistica di Venezia,Russell William Caruso; Marc P. Cryan; Amy Elizabeth Holton; Francesco Quirino Pancheri; Marianne Schady,Peter R. Christopher,Tourism,,,5
Cellular Bell Towers,E,2000,https://drive.google.com/file/d/0B0ELG5jkw_b4NE1PbXByeGJCODg/edit?usp=sharing,http://www.wpi.edu/Pubs/E-project/Scanned/00A008I.pdf,Settore Sicurezza del Territorio del Comune di Venezia; Ericsson TLC SpA,Leonard Matthew Baker; Marina Grace Carboni; Luis Ernesto Flores; Lisa Lanzillotti,Peter R. Christopher,Bell towers; Cellular phones,,,4
Forgotten Art of Venice: Promoting the Conservation and Awareness of External Sculpture,E,2000,https://drive.google.com/file/d/0B0ELG5jkw_b4RHNBYmRlLTNQaGc/edit?usp=sharing,http://www.wpi.edu/Pubs/E-project/Scanned/00E050I,,Michael K. Bender; David Francis Finnegan; James Peter Koniers; Kevin Fun Lee; Samantha Carol O'Connor,Peter R. Christopher,Public art,,,5
"Monitoring Pollution on Murano: An Analysis of the Artistic Glass Industry of Murano, Italy",E,2000,https://drive.google.com/file/d/0B0ELG5jkw_b4Mmc1OUk1OU9Gd2M/edit?usp=sharing,http://www.wpi.edu/Pubs/E-project/Scanned/00E060I,Erminio Chiozzotto; Città di Venezia; Settore Sicurezza del Territorio del Comune di Venezia,Joshua Cranston Black; Brian Joseph Cavanna; Nicholas Jason Cottreau,Peter R. Christopher,Pollution; Murano,,,3
Preserving Venetian Wellheads,E,2000,https://drive.google.com/file/d/0B0ELG5jkw_b4WG94c2NvczlIbjA/edit?usp=sharing,http://www.wpi.edu/Pubs/E-project/Scanned/00A007I,,Lewis Edward. Blackwell II; Meghan Ellene Fraizer Cryan; Adria Michelle Rizzo; Kevin Anthony Vello; Randall Lee Wainwright,Peter R. Christopher,Wellheads; Public art,,,5
Venice Public Relations (MQP),E,2000,http://www.wpi.edu/Pubs/E-project/Scanned/00A005M.pdf,Y,,David Jenness Schwalb,John Trimbur,Public relations,,,1
"Assessment of the Non-Resident Housing Market in Venice, Italy",E,2001,"Student Work | Assessment of the non-resident housing market in Venice, Italy | ID: qn59q432h | Digital WPI",,Osservatorio Casa,Jonathan Cooper Martin; Geoffrey Stephen San Antonio; Nathan Thomas Starbard; Marvin Herbert Wibisono,John F. Zeugner,Accommodations,,,4
"Cogeneration: A Feasibility Study for the Archimede Seguso Artistic Glass Factory of Murano, Italy",E,2001,https://drive.google.com/file/d/0B0ELG5jkw_b4QXZ4dnR3TDZKdGc/edit?usp=sharing,http://www.wpi.edu/Pubs/E-project/Scanned/01A007I.pdf,Vetreria Archimede Seguso s.r.l.,Kyle Douglas Bradshaw; Kreisna Dewantara Gozali; David E. Hyman; Steven Robert Picariello,John F. Zeugner,Murano; Energy,,,4
Evaluation of Tourist Use of Venetian Transportation,E,2001,Student Work | Evaluation of tourist use of Venetian transportation. | ID: kp78gh01k | Digital WPI,,VELA SpA,Igal Nassima; Jillian Melissa O'Toole Urban; Kathleen Anne Pietrovito; Michael Paul Sweeney,John F. Zeugner,Transportation; Tourism,,,4
Management and Maintenance of the Venetian Verde Pubblico,E,2001,https://drive.google.com/file/d/0B0ELG5jkw_b4cmotOE9RZ29UbTA/edit?usp=sharing,http://www.wpi.edu/Pubs/E-project/Scanned/01E019I.pdf,Assessorato all'Ambiente,Matthew John Bennett; Elizabeth Anne Premo; Jarod P. Tavares,John F. Zeugner,Parks,,,3
Re-engineering the City of Venice's Cargo System for the Consorzio Trasportatori Veneziani Riuniti,E,2001,https://drive.google.com/file/d/0B0ELG5jkw_b4a1dvbVhmcmRBSEU/edit?usp=sharing,http://www.wpi.edu/Pubs/E-project/Scanned/01A003I/,Consorzio Trasportatori Veneziani Riuniti (CTVR),Katherine Lynn Mirtle Bender; Jill Elizabeth Duffy; Justin Orlando Gagliardi; Amanda Lynn Tucker,John F. Zeugner,Cargo; Transportation,,,4
Reutilization of the Minor Islands of the Venetian Lagoon,E,2001,https://drive.google.com/file/d/0B0ELG5jkw_b4X3NKNzdEQ083Wm8/edit?usp=sharing,http://www.wpi.edu/Pubs/E-project/Scanned/01A005I/,Assessorato all'Ambiente,Nicole Kathryn Buzzell; Amanda Marie Connor; Seth Taylor Merkel,John F. Zeugner,Minor islands; Lagoon,,,3
"Church Floors in Venice, Italy: An Archeological Study and Analysis",E,2002,https://drive.google.com/file/d/0B0ELG5jkw_b4bTFta25NQzRrLTA/edit?usp=sharing,http://www.wpi.edu/Pubs/E-project/Scanned/02A003I.pdf,Soprintendenza all'Archeologia; Luigi Fozzati; UNESCO (UVO-ROSTE),Amanda Leigh Delaive; Elaine Hazel Kristant; Craig Peter Petrowski; Luiz G. Santos,David DiBiasio; Natalie A. Mello,Church floors; Archaeology,,,4
Dunes of Venice: A Prototype for the Environmental Atlas of the Lagoon (IQP Award),E,2002,https://drive.google.com/file/d/0B0ELG5jkw_b4d1llcXhNbmQycTA/edit?usp=sharing,http://www.wpi.edu/Pubs/E-project/Scanned/02A005I.pdf,Assessorato all'Ambiente,Keith M. Bonneau; Sergio Francis Cherenzia; Caroline Stephanie Frelat; Jennifer M. Persico Rohleder,David DiBiasio; Natalie A. Mello,Dunes; Environmental atlas; Lagoon,,,4
Establishment of a New Recycling System for the Historical Center of Venice,E,2002,https://drive.google.com/file/d/0B0ELG5jkw_b4TnVXczlGazI5RXM/edit?usp=sharing,http://www.wpi.edu/Pubs/E-project/Scanned/02A004I.pdf,Assessorato all'Ambiente,Daniel Jose Lorente; Tyson Donald Moore; William Haochung Tang; Nikolas T. Waggener,David DiBiasio; Natalie A. Mello,Recycling,,,4
"Integrated, Multi-Agency Approach to the Preservation of Venetian Palaces",E,2002,https://drive.google.com/file/d/0B0ELG5jkw_b4c0ZoQlJlWjVSck0/edit?usp=sharing,http://www.wpi.edu/Pubs/E-project/Scanned/02A006I.pdf,UNESCO (UVO-ROSTE); Assessorato all'Urbanistica,Aldebaran Kari Fletcher; Andrew George Halloran; Reem Mushtaq Malik; Kevin H. Rohleder,David DiBiasio; Natalie A. Mello,Palaces,,,4
Moto Ondoso Index: Assessing the Effects of Boat Traffic in the Canals of Venice,E,2002,https://drive.google.com/file/d/0B0ELG5jkw_b4WUd5OUdMVHVfb2M/edit?usp=sharing,http://www.wpi.edu/Pubs/E-project/Scanned/02A008I.pdf,Pax in Aqua; Consorzio Trasportatori Veneziani Riuniti (CTVR),David Chiu; Anand Devanahalli Jagannath; Emily Elizabeth Nodine,David DiBiasio; Natalie A. Mello,Moto ondoso; Canals; Wakes,,,3
Portali e Lunette: A Multimedia Catalog for the Preservation of Venice's Artistic Entrances,E,2002,http://www.wpi.edu/Pubs/E-project/Scanned/02A002I.pdf,Y,,"Erica Lisa Bartos; Rebecca Lee Croteau Moore; DJ Lemmo, Jr.; Katrina L. Salamon",David DiBiasio; Natalie A. Mello,Portali; Lunette; Public art,,,4
Archeological and Analytical Study of Venetian Church Floors,E,2003,https://drive.google.com/file/d/0B0ELG5jkw_b4QjBobzdrUW03Nzg/edit?usp=sharing,http://www.wpi.edu/Pubs/E-project/Scanned/03A001I.pdf,Soprintendenza all'Archeologia; UNESCO (UVO-ROSTE); Luigi Fozzati,Hilary Lohnes Hayes; James Alexander Liu; Christian A. Salini,Guillermo F. Salazar,Church floors,,,3
"Convents, Palaces, and Churches: Transformation of Historic Buildings and the Impact on Venice's Neighborhoods",E,2003,https://drive.google.com/file/d/0B0ELG5jkw_b4ZXdVaC04Ym9GWWM/edit?usp=sharing,http://www.wpi.edu/Pubs/E-project/Scanned/03A009I.pdf,UNESCO (UVO-ROSTE); Assessorato all'Urbanistica; Philippe Pypaert,Sean F. Hoey; Marissa C. Kahan; Paul J. Marchetti; Kimberly A. Mazza,Guillermo F. Salazar,Historic buildings; Churches; Restoration,,,4
Growth in the Garden of Venice: Sustainable Development in Sant'Erasmo,E,2003,http://www.wpi.edu/Pubs/E-project/Scanned/03A007I.pdf,Y,Commune di Venezia; Assessorato all'Urbanistica; Giorgio Pilla,Katrina Emelia Ann Hildebrand; David Joseph Norcott; Laurel M. Rudge; Alexis Quinn Steinhart; Thomas Anthony Zammataro,Guillermo F. Salazar,Sustainable development,,,5
Island of Pellestrina: Case Study for the Environmental Atlas of the Venetian Lagoon,E,2003,http://www.wpi.edu/Pubs/E-project/Scanned/03A006I.pdf,Y,Marco Favaro; Silvia Rizzardi; Valeria Giannella; Andrea Mariotto; Assessorato all'Ambiente,Scott Lewis Battocchi; Caitlin Helena Bell; Jeffrey R. Blair; Natalie Janette Cole,Guillermo F. Salazar,Traffic; Beaches; Sustainability; Environmental impact,,,4
Preservation and Restoration of Venetian Public Art: From the Completion of the Public Art Catalog to the Active Restoration Process,E,2003,https://drive.google.com/file/d/0B0ELG5jkw_b4dXNqa00yUFdaQU0/edit?usp=sharing,http://www.wpi.edu/Pubs/E-project/Scanned/03A002I.pdf,Alberto Gallo,"Mark A. Elbag, Jr.; Adam Michael Epstein; James Francis Hannigan; Elizabeth Merry Rosinha",Guillermo F. Salazar,Public art; Art restoration,,,4
Preserving the Canal Walls of Venice Using Power from a Modified Microbial Fuel Cell (MQP),E,2003,http://www.wpi.edu/Pubs/E-project/Scanned/03D081M.pdf,Y,,Christopher Michael O'Malley,David DiBiasio; John F. Zeugner,Canals,,,1
Sounds of Venice,E,2003,http://www.wpi.edu/Pubs/E-project/Scanned/03A010I.pdf,Y,Città di Venezia,Douglas Jacob Leenhouts; Paul Francis Messier; Scott James Neithercut,Guillermo F. Salazar,Sounds; Noise,,,3
Ultrasound Boat-Monitoring System (MQP),E,2003,http://www.wpi.edu/Pubs/E-project/Scanned/03D124M.pdf,Y,,Mark Daniel Johnson; Jonathan M. Lovisolo; Yasuhiro Okuno,Peder C. Pedersen,Boats; Transportation,,,3
Analysis of the Archaeological Potential of Venetian Church Floors,E,2004,https://drive.google.com/file/d/0B0ELG5jkw_b4dFhRdlVBTzMzUk0/edit?usp=sharing,http://www.wpi.edu/Pubs/E-project/Scanned/04A014I.pdf,Soprintendenza all'Archeologia; Luigi Fozzati; UNESCO (UVO-ROSTE),Scott J. Blanchard; Jeffrey Alan Caputo; Matthew J. Regan; Matthew L. Shaw,H.J. Manzari,Church floors; Archaeology,,,4
Evolution of Stores and Decline of Residential Comfort: the Availability of Necessary Goods in the Historical Center of Venice,E,2004,http://www.wpi.edu/Pubs/E-project/Scanned/05C008I.pdf,Y,Città di Venezia; Settemari Rowing Club,Greg R. Chandonnet; Andrew C. Christo; Patricia Anne Pope; Karen Singh,H.J. Manzari,Stores; Economy,,,4
Evolution of the Forma Urbis: A Graphical Tool for Analyzing the Urban Development of Venice,E,2004,http://www.wpi.edu/Pubs/E-project/Scanned/04A007I.pdf,Y,Marco Bortoletto,Christopher Edward Baker; Samantha Dakin; Cem Saracel,H.J. Manzari,Urban development,,,3
Mapping turbulence in the canals of Venice (MQP),E,2004,,,,Christopher Allen Lacasse; Kevin J. Menard,Michael J. Ciaraldi; Fred J. Looft,Canals; Wakes,,,2
Planning Sustainable Tourism for the Northern Lagoon Park of Venice,E,2004,https://digital.wpi.edu/pdfviewer/02870w319,Y,Assessorato all'Urbanistica; Assessorato all'Ambiente,Eric R. Chandonnet; Daniel Richardi; Christie Ann Rudis; Agnieszka B. Ziolek,H.J. Manzari,Lagoon park; Sustainable tourism,,,4
Preservation of Venetian Bell Towers,E,2004,http://www.wpi.edu/Pubs/E-project/Scanned/04A012I.pdf,Y,,Melissa W. Marion; Michael Milkin; Eric Rogers Mill; Christopher Edward Vitone,H.J. Manzari,Bell towers,,,4
Public Art Preservation in Venice: Non-Public Wellheads and Fountains,E,2004,https://drive.google.com/file/d/0B0ELG5jkw_b4aThMaEo1Y0Z5NEk/edit?usp=sharing,http://www.wpi.edu/Pubs/E-project/Scanned/04A010I.pdf,,Aaron Edward Kelley; Gregory I. Ratner; Matthew J. Schmaelzle; Orest Thomollari,H.J. Manzari,Public art,,,4
Reconstructing Sea Levels Prior to 1872 through Venetian Art and Architecture,E,2004,http://www.wpi.edu/Pubs/E-project/Scanned/04A011I.pdf,Y,National Research Council (CNR),Laura Rose Corsetto; David A. DeFusco; Michael J. Scarsella,H.J. Manzari,Tidal progression; Sea level indicators; Art,,,3
Traditional Boats of Venice: Assessing a Maritime Heritage,E,2004,http://www.wpi.edu/Pubs/E-project/Scanned/04A013I.pdf,Y,,Sean P. Candlish; Sarah E. Stout,H.J. Manzari,Traditional boats,,,2
Ultrasound Boat-Monitoring System: Venice Canal Boat Traffic and Damage Monitoring System (MQP),E,2004,http://www.wpi.edu/Pubs/E-project/Scanned/04D184M.pdf,Y,,Alexander Gomperts; Chun Ho Lee; Yusuke Tanefusa,Peder C. Pedersen,Boats; Transportation; Wakes,,,3
Alpine Mountain Huts: A Marketing and Accessibility Plan,E,2005,Student Work | Alpine mountain huts -- a marketing and accessibility plan. | ID: 9g54xh96x | Digital WPI,Y,Club Alpino Italiano Venezia,William Ross Blackmar; James Gaudette; Andrew Giaquinta,John F. Zeugner,Marketing; Accessibility; Alpine mountains,,,3
Embedded Heritage: A Study of Venetian Church Floors,E,2005,http://www.wpi.edu/Pubs/E-project/Scanned/05A011I.pdf,Y,Soprintendenza all'Archeologia; Luigi Fozzati; Curia Partriarcale,David Thomas Gagnon; Eric Ruscitti; Kelly L. Thompson,John F. Zeugner,Church floors; Artifacts; Damage,,,3
Facilitating the Exchange and Reusability of Information in the City of Venice,E,2005,http://www.wpi.edu/Pubs/E-project/Scanned/05A003I.pdf,Y,Città di Venezia; Assessorato all'Urbanistica ed Edilizia Privata,Patrick J. Allen; Christopher Jon Fontana; Nathan J. Hebert,John F. Zeugner,City Knowledge; Urban planning,,,3
Mapping Underwater Turbulence in Venice (MQP),E,2005,http://www.wpi.edu/Pubs/E-project/Available/E-project-042706-141550/unrestricted/Final_Turbulence_Report.pdf,,Marco Bortoletto,Nicholas D. Angelini; José Brache; Matthew J. Gdula; Craig Edmund Shevlin,Fred J. Looft; Paola Fialho Chicarelli; H.J. Manzari,Canals; Moto ondoso; Wakes,,,4
Place Knowledge: Organizing Data on the Venetian Lagoon Park,E,2005,https://drive.google.com/file/d/0B0ELG5jkw_b4cDFLbkpSZjFFenM/edit?usp=sharing,http://www.wpi.edu/Pubs/E-project/Scanned/05A006I.pdf,Assessorato all'Ambiente; Istituzione Parco della Laguna; Osservatorio Naturalistico della Laguna,Laurel A. Doherty; Katherine Elizabeth Mucci; Mark G. Vignali,John F. Zeugner,Place knowledge; Citizen monitoring,,,3
"Preserving the Nautical Traditions and Maritime Heritage of Venice, Italy",E,2005,http://www.wpi.edu/Pubs/E-project/Available/E-project-110905-122120/unrestricted/E05BoatsFinal.pdf,,Arzanà; Soprintendenza all'Archeologia,"Brian J. Catalano, II; Kristen J. Gervais; Ryan D. Sinapius",John F. Zeugner,Traditional boats; Nautical artifacts,,,3
Residential Comfort Level: An Analysis of the Venetian Retail Sector,E,2005,http://www.wpi.edu/Pubs/E-project/Scanned/05A004I.pdf,Y,Fondazione ENI Enrico Mattei,Ta Karra Greene; Benjamin E. Isabella; Freddy X. Jervis; Danielle C. Modeste,John F. Zeugner,Retail stores,,,4
Ultrasound Boat-Monitoring System (MQP),E,2005,http://www.wpi.edu/Pubs/E-project/Scanned/05D419M,Y,,Jesse Alexander Chisholm; Adam J. Hart; Sander R. Van Twisk,Peder C. Pedersen,Boats; Transportation,,,3
Decline of Venetian Food Stores as a Gauge for Social Change in the City,B,2006,http://www.wpi.edu/Pubs/E-project/Available/E-project-010507-140349/unrestricted/retail_final_report_b06.pdf,,Settemari Rowing Club,Lesley A. Bright; Sara I. Duran; Stephen L. Parsons; Luis M. Rodriguez-Martin,J. Scott Jiusto,Food stores; Social change,,,4
Mapping Turbulent Discharges in Venetian Canals (MQP),B,2006,http://www.wpi.edu/Pubs/E-project/Available/E-project-060107-135856/unrestricted/final_report.pdf,,,Francis J. Carino; Steven C. Marshall,Fred J. Looft; Paola Fialho Chicarelli,Canals; Moto ondoso; Wakes,,,2
Murano Energy Reduction: An Investigation of Technologies to Reduce Fuel Consumption in Artistic Glass Furnaces,B,2006,http://www.wpi.edu/Pubs/E-project/Available/E-project-010707-193015/unrestricted/Report_Murano-B06.pdf,,Stazione Sperimentale del Vetro,Keith G. Ferry; Nicholas C. McMahon; Andrea L. Portnoy; Jacob H. Troiano,J. Scott Jiusto,Energy reduction; Glass furnaces; Murano,,,4
Optimizing the Use of Canal Parking Space in Venice,B,2006,http://www.wpi.edu/Pubs/E-project/Available/E-project-121406-171933/unrestricted/Report_B06_CanalSpace.pdf,,Ufficio Mobilità Acquea,Gregory J. Bukowski; Briana Elizabeth Dougherty; Russell W. Morin; Patrick Renaud,J. Scott Jiusto,Canal parking space; Traffic congestion; Wakes,,,4
Re-engineering the Venetian Taxi Transportation System: Efficiency Improvements That Reduce Moto Ondoso,B,2006,http://www.wpi.edu/Pubs/E-project/Available/E-project-122006-073304/unrestricted/TAXI_IQP.pdf,,Consorzio Motoscafi Venezia,Robert F. Accosta; Theodore Beckos McDonald; Corina C. Scanio; Jessica L. Thibideau,J. Scott Jiusto,Taxi transportation system; Moto ondoso; Wakes,,,4
Reviving the History of the Venetian Scuole: Public Education through an Interactive Website,B,2006,http://www.wpi.edu/Pubs/E-project/Available/E-project-121906-154141/unrestricted/Scuole_B06_Reviving_the_History_of_the_Venetian_Scuole.pdf,,,Chelsea Lynn Bierkan; Jennifer M. Gosselin; Justin Pelkowski; Katharine H. Woodman,J. Scott Jiusto,Venetian scuole; Websites,,,4
Toward a Dynamic Atlas: A Case Study on the Birds of the Venetian Lagoon,B,2006,http://www.wpi.edu/Pubs/E-project/Available/E-project-010507-125049/unrestricted/finalreport_8x11_birds_b06.pdf,,Osservatorio Naturalistico della Laguna; Museo di Storia Naturale,Leia Marie Houle; Matthew B. Nichols; Thomas C. Peterson; Joshua T. Stewart,J. Scott Jiusto,Dynamic atlas; Birds,,,4
Auto-Accretion Powered By Microbial Fuel Cells in the Venetian Lagoon (MQP),B,2007,http://www.wpi.edu/Pubs/E-project/Available/E-project-031008-121837/unrestricted/Accretion_MQP_Final_Report.pdf,,,Jessica Lynn Balesano; Jodi Michelle Lowell,David DiBiasio,Canals,,,2
Museo Arzanà: Preserving the Traditional Boats of Venice,B,2007,http://www.wpi.edu/Pubs/E-project/Available/E-project-122807-150018/unrestricted/Museo_Arzana_Preserving_The_Traditional_Boats_of_Venice.pdf,,Arzanà,Bryan M. Bigda; Michelle L. Dubuke; Daniel S. LaTorella; Jennifer Marie Richards,Kristen Billiar,Traditional boats,,,4
PreserVenice: Preserving Venetian Public Art,B,2007,http://www.wpi.edu/Pubs/E-project/Available/E-project-122207-150125/unrestricted/B07_PreserVenice_Venetian_Public_Art.pdf,,,Amanda Lee Kent; Rebecca Lynne Kieselbach; Kyle Hathaway Miller; Ryan David Sottolano; Steven Richard Vessella,Kristen Billiar,Public art,,,5
Pressing Issues: A Venetian Socioeconomic Overview,B,2007,http://www.wpi.edu/Pubs/E-project/Available/E-project-121707-092648/unrestricted/Final_Report_reviewed.pdf,,,Jonathan Bahlatzis; Sophia Mary D'Angelo; Hamlet V. Nina; Ilan Shomorony,Kristen Billiar,Stores; Economy,,,4
Turning Traffic Around: An Analysis of Boat Traffic in Venice and Its Environmental Impacts,B,2007,http://www.wpi.edu/Pubs/E-project/Available/E-project-122107-161101/unrestricted/Venetian_Boat_Traffic_and_Its_Environmental_Impacts.pdf,,,Marc Joseph Balboa; Michelle Carbonneau; Kyle Feeley; Lester Li,Kristen Billiar,Traffic; Transportation; Boats,,,4
Urban Maintenance and Venetian Accessibility,B,2007,http://www.wpi.edu/Pubs/E-project/Available/E-project-010208-115210/unrestricted/Urban_Maintenance_and_Venetian_Accessibility.pdf,,,Kevin Matthew Black; Sara A. Migdal; Michael T. Morin; Dukens Quinton René; Nicholas D. Vitello,Kristen Billiar,Maintenance; Accessibility; Mobility,,,5
uSCRIPT: an AJAX-based Online Manuscript Transcription Service (MQP),B,2007,,,,Brian Cafferelli; Nathaniel W. Piper; Eric Bishop Sutman,Stanley M. Selkow,Transcription,,,3
Challenges and Opportunities of Young Venetians,B,2008,http://www.wpi.edu/Pubs/E-project/Available/E-project-121208-074820/unrestricted/Report_Young-B08.pdf,,,Meggan Rose Birmingham; Akhil Kejriwal; Julie J. Marquis; Pedriant Peña,Paul W. Davis,Youth; Demographics,,,4
Divertimi: A Tourist Guide to a Unique and Enriching Experience,B,2008,Student Work | Divertimi: A Tourist Guide to a Unique and Enriching Experience | ID: sn009z17m | Digital WPI,,Donato Concato; Bruno Nogara; Laura Sabbadin; Michele Tamma; Anna Moretti,Daniel Paul Cianfrocco; Cordero Greg Marrero; Lindsay Mullins; Danielle M. Volpe,Paul W. Davis,Mobile apps; Tourism,,,4
Floating Around Venice: Developing Mobility Management Tools and Methodologies in Venice,B,2008,http://www.wpi.edu/Pubs/E-project/Available/E-project-121208-061724/unrestricted/Report_Moving-B08.pdf,,Forma Urbis; Redfish Group; Gestione Traffico Acqueo,Christopher D. Catanese; Danice Yequay Chou; Bethany J. Lagrant; Rudy E. Pinkham,Paul W. Davis,Accessibility; Mobility; Transportation,,,4
"Life in the ""City of Water""",B,2008,http://www.wpi.edu/Pubs/E-project/Available/E-project-121208-112709/unrestricted/living_in_venice_project.pdf,,Città di Venezia,Jenny M. Lund; Joshua D. Luther; Tobin Patrick McGee; Stephanie M. Miskell,Paul W. Davis,Demographics,,,4
Preserving Venetian Heritage,B,2008,http://www.wpi.edu/Pubs/E-project/Available/E-project-121208-055239/unrestricted/Preserve_Final_Report.pdf,,,Meagan P. Foley; Alex Scott Larsen; Timothy Thomas Navien; Phoebe Elizabeth Riley,Paul W. Davis,Public art; Boats,,,4
Venice: An Aging City,B,2008,http://www.wpi.edu/Pubs/E-project/Available/E-project-121208-050009/unrestricted/VE08_Old_Final_Paper.pdf,,,Angelica M. DeMartino; Julie A. Kent; Daniel Richard Mallette,Paul W. Davis,Demographics,,,3
Venice: Genesis of the City and its People,B,2008,http://www.wpi.edu/Pubs/E-project/Available/E-project-121208-054220/unrestricted/Report_Origins-B08.pdf,,,Erik Daniel Carlson; Felix Nwaobasi; Shikhar Saxena; Viktoras Truchanovicius,Paul W. Davis,Demographics; History,,,4
Cruise Ships: Influencing the City of Venice,B,2009,Student Work | Cruise Ships: Influencing the City of Venice | ID: n009w261h | Digital WPI,,,Nicholas Brad Hunnewell; James H. Reese; Damian P. Skwierczynski; Ryan Thomas Vautrin,Daniel Gilbert Gibson,Cruise ships; Tourism,,,4
Postmodern Postmortem: Highlighting Venetian Issues Through Art,B,2009,http://www.wpi.edu/Pubs/E-project/Available/E-project-122309-233216/unrestricted/Catalog_B09_Post.pdf,,Santa Fe Project Center,William E. Early; Amanda Angela Rinaldi; Lisa Marissa Rossi; Daniel J. Savastano,Daniel Gilbert Gibson,Art,,http://ve-postmortem09.blogspot.it/,4
"Postmodern Postmortems: Art to Highlight Social Issues in Venice, Italy",D,2009,http://www.wpi.edu/Pubs/E-project/Available/E-project-060109-000657/unrestricted/Postmodern_Postmortems.pdf,,,Brendan J. Turcotte,Frederick W. Bianchi,Art,,,1
PreserVenice: Preserving Venetian Public Art,B,2009,http://www.wpi.edu/Pubs/E-project/Available/E-project-011210-092903/unrestricted/FinalReport_B09.pdf,,,Jaime Antonio Bezek; Amanda Lee Nichols; Colin F. Roddy; Rebecca A. Trojanowski,Daniel Gilbert Gibson,Public art,,,4
Showcasing Twenty Years of Venice Project Center Results using Interactive Online Infographics,B,2009,http://www.wpi.edu/Pubs/E-project/Available/E-project-121710-153620/unrestricted/VE09-40_FinalReport_10222010.pdf,,,John P. Brunelli; Edward Paul Orsi; Amanda Rose Sargent,Daniel Gilbert Gibson,Websites; Anniversary,,,3
Un'Economia Sommersa: Documenting the Evolution of the Venetian Formal Economy,B,2009,http://www.wpi.edu/Pubs/E-project/Available/E-project-122609-130418/unrestricted/Final_Report_Veninomics-B09.pdf,,,Chelsey E. Anderson; Rhiannon Chiacchiaro; Shanna L. Infantino; Yoshitaka C. Shiotsu,Daniel Gilbert Gibson,Stores; Economy,,http://veninomics.blogspot.it/,4
Unearthing the Roots of Venice: From Relics to DNA,B,2009,http://www.wpi.edu/Pubs/E-project/Available/E-project-010510-121008/unrestricted/Origins_Report_Final.pdf,,,Debora Afezolli; Benjamin M. Allen; Jaclyn E. Hepworth; Andrew James Kazanovicz,Daniel Gilbert Gibson,DNA; History; Demographics,,,4
Venetian Mobility on Land and Sea,B,2009,http://www.wpi.edu/Pubs/E-project/Available/E-project-011310-132323/unrestricted/Final_Paper_Mobility_B09.pdf,,,Christopher T. Aloisio; Jason B. Gabriel; Kara Bernadet Greenfield; Alexander G. Kelly,Daniel Gilbert Gibson,Mobility; Transportation,,,4
Venice Framework: A Municipal Data Object Management Framework (MQP),B,2009,http://www.wpi.edu/Pubs/E-project/Available/E-project-031709-101904/unrestricted/MQP_Clayton_Cheng_Blanchette_Fyles.pdf,,,Craig A. Blanchette; Timothy Edison Cheng; Eric Stewart Clayton; James Justin Fyles,Gary F. Pollice,Data,,,4
Capturing the Changing Face of the Venetian Retail Sector,B,2010,http://www.wpi.edu/Pubs/E-project/Available/E-project-122610-202225/unrestricted/FinalReport_B10.pdf,,,Andrew T. Carey; Bryan Douglas Lee; Rebecca M. Meissen; Aikanysh Syrgak-Kyzy,James Cocola,Stores,,https://sites.google.com/site/ve10shops/,4
Cruise Control: To Further the Understanding of the Comprehensive Impacts of Cruise Ships on the City of Venice,B,2010,https://docs.google.com/document/d/1Xf_B3hOrxhOW7FVvhdEKrZEFEvvHnxFKxhfQBX3LCns/edit?usp=sharing,,,Shane Patrick Bellingham; Cortney M. Davis; Christopher J. O'Brien; Erin Lee Saari,James Cocola,Cruise ships; Tourism,,https://sites.google.com/site/ve10ships/,4
"Exploring the History of Venice: Relics, Records, and Relations",B,2010,http://www.wpi.edu/Pubs/E-project/Available/E-project-122710-031051/unrestricted/Final_Report_B10_Origins.pdf,,,Corrie Elizabeth Avila; Elizabeth Marie DeZulueta; Sofia Mukhanov; Maarja-Liisa Sokk,James Cocola,History; Demographics,,https://sites.google.com/site/ve10orig/,4
Mobility in the Floating City: A Study of Pedestrian Transportation,B,2010,http://www.wpi.edu/Pubs/E-project/Available/E-project-121910-171252/unrestricted/Report_B10_Move.pdf,,Redfish Group,Marcus Calixte Amilcar; Amy Laura Liu Bourgeouis; Savonne James Setalsingh; Matthew John Tassinari,James Cocola,Pedestrians; Transportation; Mobility,,https://sites.google.com/site/ve10move/,4
PreserVenice: Preserving Venetian Material Culture,B,2010,http://www.wpi.edu/Pubs/E-project/Available/E-project-122610-103308/unrestricted/FinalReport_B10_PreserVenice.pdf,,,Alyssa A. Ascare; Holly Dice Fletcher; Amy Takara Mazzucotelli; Daniel B. Pierson,James Cocola,Public art,,https://sites.google.com/site/ve10pv/,4
Return to the City of Water: Quantifying Change in the Venetian Canals,B,2010,http://www.wpi.edu/Pubs/E-project/Available/E-project-121710-165116/unrestricted/Return_to_the_City_of_Water_B10_Rii.pdf,,,Alison M. Corriveau; Jessica A. DiToro; Carlos Humberto Martinez Luna; Brian J. Scully,James Cocola,Canals; Hydrodynamics; Wakes,,https://sites.google.com/site/ve10ships/,4
Venipedia: A Modern Knowledge and Data Wiki Dedicated to the City of Venice,B,2010,http://www.wpi.edu/Pubs/E-project/Available/E-project-121710-165119/unrestricted/Final_Report_B10_Venipedia.pdf,,,Thomas M. Finelli; Catherine Hannah O'Brien; Kevin R. Scannell,James Cocola,Wiki,,https://sites.google.com/site/ve10tude/,3
Building Blocks of Venice: Preserving Knowledge of a City's Infrastructure and Maintenance,B,2011,http://www.wpi.edu/Pubs/E-project/Available/E-project-121611-063819/unrestricted/Final_Report_B11_Maint_2.6.pdf,,Insula SpA,Paul Peter Finn; Katie Lucille Hutchinson; Ryan A. Muller; Jesse Paul Ouellette,Frederick W. Bianchi,Buildings; Maintenance,,https://sites.google.com/site/venicemaintained/,4
Detailed Look At the Changing Venetian Retail Sector,B,2011,http://www.wpi.edu/Pubs/E-project/Available/E-project-122211-215914/unrestricted/ve11_Super_Final_Report_newest.pdf,,Consorzio per la Ricerca e la Formazione in Liquidazione (COSES); Città di Venezia,Laura D. Aurilio; Heather Jean Lewis; Katherine Lynn Mattern; Christopher Francis Pinola,Seth Tuler; Frederick W. Bianchi,Stores; Tourism,,https://sites.google.com/site/ve11supermarket/,4
Digitizing the Archives of the Private Committees for the Safeguarding of Venice,B,2011,http://www.wpi.edu/Pubs/E-project/Available/E-project-122011-171038/unrestricted/ARCH_B11_Report.pdf,,Private Committees for the Safeguarding of Venice; UNESCO (UVO-ROSTE),Lorey Michelle Aragon; Jeremy Scott Brown; Gabriela C. Nunez; Julie Anne Wade,Frederick W. Bianchi,Archives; Digitization,,https://www.sites.google.com/site/ve11archives/,4
Interactive Venice: Using Art and Games to Bring Awareness to Venetian Social Concerns,B,2011,http://www.wpi.edu/Pubs/E-project/Available/E-project-121911-103334/unrestricted/BIEN_Final_Report.pdf,,,Michael Stewart Frankfort; Rinaldo R. Izzo; Roni George Rostom; Jillian Ames Sauer,Frederick W. Bianchi,Art; Mobile apps,,https://sites.google.com/site/ve11bien/,4
Noises of Venice: An Exploration of Noise in an Historic City,B,2011,http://www.wpi.edu/Pubs/E-project/Available/E-project-122011-003346/unrestricted/IQP_REPORT_FINAL_B11_NOISE.pdf,,,Elliott Stewart Calamari; Neil Cruz Pomerleau; Robert Edward Puishys; Wesley James Ripley,Frederick W. Bianchi,Sounds; Pollution; Noise,,https://sites.google.com/site/ve11noise/,4
PreserVenice: Preserving the Material Culture of Venice,B,2011,http://www.wpi.edu/Pubs/E-project/Available/E-project-121611-124241/unrestricted/PreserVeniceIQP_B11.pdf,,UNESCO (UVO-ROSTE),Jonathan James Fitzgibbon; Christopher John Kazanovicz; Nicholas Alexander Lima; Courtney Anne Rosales,Frederick W. Bianchi,Public art,,https://www.sites.google.com/site/ve11culture/,4
Traversing the Labyrinth: A Comprehensive Analysis of Pedestrian Traffic in Venice,B,2011,http://www.wpi.edu/Pubs/E-project/Available/E-project-122011-162657/unrestricted/Mobility_B11_Report.pdf,,Assessorato alla Mobilità,Chelsea Anne Fogarty; Geordie Charles Folinas; Steven Charles Greco; Cassandra Lynn Stacy,Frederick W. Bianchi,Pedestrians; Transportation,,https://sites.google.com/site/ve11mobi/,4
Update on the Hydrodynamics of the Venice Canals,B,2011,http://www.wpi.edu/Pubs/E-project/Available/E-project-122011-114138/unrestricted/IQP_Final_Report_B11_Hydro.pdf,,Istituzione Centro Previsioni e Segnalazioni Maree; Istituto di Scienze Marine (ISMAR); IPROS,Junbo Chen; Anthony Robert DiNino; Zachary R. Mintz; Robert Patrick Wolf,Frederick W. Bianchi,Canals; Hydrodynamics; Wakes,,https://sites.google.com/site/ve11hydro/,4
Impact of Tourism on Boat Transportation Systems: Analyzing the Effect of Cruise Ship Passengers in Venice,B,2012,Student Work | The Impact of Tourism on the Venice Public Transportation System | ID: vt150j734 | Digital WPI,,,Marissa Rose Capua; Jessica Lorraine Guyette; Brian James Hetherman; Lindsay Ann Hock,John F. Zeugner,Tourism; Boats; Cruise ships; Transportation,,sites.google.com/site/ve12trans/,4
Merchants of Venice: A Look At the Changes in the Venetian Stores and Tourist Accommodations and Their Impact on the Local Population,B,2012,https://drive.google.com/file/d/0B9kJ1wT04N5yUDJHMkYwWFJmRVk/view?usp=share_link&resourcekey=0-jWmD9jX520QVmVubN-7siQ,,,Benjamin Nathanael Bruso; Hongling Chen; Amanda Olm; Iliana Jeanne-Marie Schulman,John F. Zeugner,Stores; Accommodations; Tourism,,https://sites.google.com/site/ve12stores/,4
Steps in Venice: Study to Evaluate Pedestrian Systems,B,2012,http://www.wpi.edu/Pubs/E-project/Available/E-project-121412-161950/unrestricted/Streets_Final_Paper.pdf,,Assessorato alla Mobilità; Insula SpA,Timothy Metter Forrest; Erin Michelle Heckley; Alexander Jungnom Kim; Melanie Louise Wiater,John F. Zeugner,Pedestrians; Transportation,,https://sites.google.com/site/ve12street/,4
Streamlining Canal Hydrodynamic Measurements in Venice: Updating Measurements and Developing Plans for Extensive Data Collection,B,2012,http://www.wpi.edu/Pubs/E-project/Available/E-project-121412-134321/unrestricted/VE12-Hydro_Final_Report.pdf,,Istituzione Centro Previsioni e Segnalazioni Maree,Emanuel DeMaio; Emily Kathryn Jones; Louie-John Vincenzo Mistretta; Olive Ruth Rappoli,John F. Zeugner,Canals; Hydrodynamics; Wakes,,https://sites.google.com/site/ve12hydro/,4
Treasures Underfoot: Preserving Venice's Church Floor Artifacts,B,2012,http://www.wpi.edu/Pubs/E-project/Available/E-project-121312-084544/unrestricted/Churches_B12__Final_Report.pdf,,UNESCO (UVO-ROSTE); Soprintendenza all'Archeologia,Danielle Catherine Dechaine; Meghan D. Hennessey; Jeffrey Orszulak; Kevin Alexander Rullmann,John F. Zeugner,Church floors,,https://sites.google.com/site/ve12churches/blog,4
Venice Bells and Bell Towers: A Striking Source of Knowledge,B,2012,http://www.wpi.edu/Pubs/E-project/Available/E-project-121312-204447/unrestricted/VE12-Bells_Report.pdf,,UNESCO (UVO-ROSTE),Frederick Anthony Baruffi; Janelle Marina Boucher; Madalyn E. Coryea; Danielle A. Spector,John F. Zeugner,Bells; Bell towers,,https://sites.google.com/site/ve12bells/home,4
Venipedia: An English Language Data-Driven Wiki Dedicated to Venice,B,2012,http://www.wpi.edu/Pubs/E-project/Available/E-project-121412-163337/unrestricted/VE_12-Venipedia_Final_Report.pdf,,UNESCO (UVO-ROSTE),Patrick Anthoney Bobell; Lauren Barbara McCarthy; David Michael Poganski; Alyssa B. Tsiros,John F. Zeugner,Wiki,,https://sites.google.com/site/ve12pedia/,4
25 Years of Venice Knowledge Online,B,2013,http://www.wpi.edu/Pubs/E-project/Available/E-project-122113-100840/unrestricted/Ve13_25th_Final_Paper_Submit.pdf,,,Kristen Lee Brann; Gregory Thomas Giola; Dylan Joseph Kirby; William Hames Richtmyer,Frederick L. Hart,Science and Technology: Policy and Management,,https://sites.google.com/site/ve1325th/,4
Boats and Bottlenecks: Improving Mobility in Venice,B,2013,http://www.wpi.edu/Pubs/E-project/Available/E-project-122013-101335/unrestricted/VE13-MOB_Final_Report.pdf,,,Kelsey Marie Brofford; Riley David Larkins; Luis Jose Pernia-Rovayo; Alexandra Elizabeth Shea,Frederick L. Hart,Urban and Environmental Planning; Wakes,,https://sites.google.com/site/ve13mob/,4
Boats are Waking Me Crazy: An Analysis of Boat Traffic and Moto Ondoso in Venice,B,2013,http://www.wpi.edu/Pubs/E-project/Available/E-project-122013-074812/unrestricted/VE13_Boat_Final_Paper.pdf,,,Alexander Gottlieb Bennett; Samuel Scott Hastings; Stephen O. Petry; Alexander Delong Solomon,Frederick L. Hart,Urban and Environmental Planning; Wakes,,https://sites.google.com/site/ve13boat/,4
"Canals, Bridges and Urban Maintenance",B,2013,http://www.wpi.edu/Pubs/E-project/Available/E-project-122013-134409/unrestricted/IQP_Final_Report.pdf,,,Dominick Christopher Bossalini; Brian William Gardner; Tyler Douglas Mathews; Mitchell Edwin Wills,Frederick L. Hart,Urban and Environmental Planning,,https://sites.google.com/site/ve13can/,4
"Ecclesiastical Architecture of Venice: Preserving Convents, Churches, Bells and Bell Towers",B,2013,http://www.wpi.edu/Pubs/E-project/Available/E-project-122013-112739/unrestricted/Venice_B13_Final_IQP_Report.pdf,,,Dylan Joseph Heinricher; Lauren Michelle Kahn; Ian Maxwell Maitland; Nolan P. Manor,Frederick L. Hart,Historic and Artistic Preservation Technology,,https://sites.google.com/site/ve13bell/,4
Tourism in the City of Canals: Managing Venice's Love-Hate Relationship with its Visitors,B,2013,Student Work | Tourism in the city of canals: Managing Venice's Love-Hate Relationship with its visitors | ID: x059c8007 | Digital WPI,,,Alexander Lochan Gorowara; Aquame Justin Matthews; Daryn James Russo; Armagan Sezer,Frederick L. Hart,"Economic Growth, Stability, and Development",,https://sites.google.com/site/ve13demographics/,4
Venice Through the Canals of Time: Mapping the Physical Evolution of the City,B,2013,http://www.wpi.edu/Pubs/E-project/Available/E-project-122013-113233/unrestricted/Venice_through_the_canals_of_time.pdf,,,Justin Francis Chines; Eric Eoff; Alexander Christian Reynolds; Amanda Michelle Weis,Frederick L. Hart,Urban and Environmental Planning,,https://sites.google.com/site/ve13cart/,4
A VPC Contribution to Venice to Expo 2015,B,2014,http://www.wpi.edu/Pubs/E-project/Available/E-project-121914-093706/unrestricted/VE14-EXPO_FinalReport.pdf,,,Alexander A. Caracappa; Shannon A. Dacosta; Tri K. Khuu; Elizabeth M. Pellegrini,Michael John Aghajanian,Science and Technology: Policy and Management,,https://sites.google.com/site/ve14expo/,4
Impacts of Tourism,B,2014,https://docs.google.com/document/d/11JAj-w-JLYGYx_wZUnlElMDCKcdIsm-CTVrf_mWPG9w/edit?usp=sharing,,,Ahmed Blanco; Vincent J. D'Ambrosio; Andrew J. La Manna; Kevin P. Martin,Michael John Aghajanian,"Economic Growth, Stability, and Development",,https://sites.google.com/site/ve14tour/,4
Missing Venice: Tracking the Global Movement of Venetian Art and the Evolution of Venetian Architecture and Infrastructure,B,2014,http://www.wpi.edu/Pubs/E-project/Available/E-project-121814-093844/unrestricted/VE14-Miss_Final_Report_pdfa.pdf,,,Daniel J Benson; Andrea N Boxell; Grant M Brining; Jonathan L Leitschuh,Michael John Aghajanian,Social Studies of Science and Technology,,https://sites.google.com/site/ve14miss/,4
Piera Alta,B,2014,http://www.wpi.edu/Pubs/E-project/Available/E-project-122114-143542/unrestricted/VE14-alta_Final_Report_PDF.pdf,,ISMAR,Rafael L. Angelo; Joao Mauricio C. Vasconcelos; Andrea Y. Chan; Daniel C. Hill,Michael John Aghajanian,Urban and Environmental Planning,,https://sites.google.com/site/ve14alta/,4
The Evolution of Venice Through Mapping Technology: A Venice Project Center Collaboration with the Atlante della Laguna,B,2014,http://www.wpi.edu/Pubs/E-project/Available/E-project-121914-112605/unrestricted/VE14-Atlas_Report.pdf,,City of Venice,Sopheaktra Chhim; Thomas A. Hoctor; John W. Pryor; Bryan J. Sadowski,Michael John Aghajanian,Technology and Environment,,https://sites.google.com/site/ve14atlas/home,4
Venetian Open Data: Providing Greater Access to the Venice Project Center's Data Resources,B,2014,http://www.wpi.edu/Pubs/E-project/Available/E-project-121914-113828/unrestricted/VE14-OPEN_Final_Report.pdf,,Venice Open Data,Ruofan Ding; Jon P. Gualdarrama; Ryan S. Horton; Michael J. Perrone,Michael John Aghajanian,Science and Technology: Policy and Management,,https://sites.google.com/site/ve14open/home,4
Venetian Time: An Examination of Time and Space in Venice,B,2014,http://www.wpi.edu/Pubs/E-project/Available/E-project-121814-100345/unrestricted/VE14-Time_Report.pdf,,,Mark S. Chakuroff; Kelsey B. Powderly; Dennis Steven Silva,Michael John Aghajanian,Social Studies of Science and Technology,,https://sites.google.com/site/ve14time/,3
Evaluating Changes in the Venetian Retail Sector and Managing the Use of Public Space,B,2015,http://www.wpi.edu/Pubs/E-project/Available/E-project-122215-094837/unrestricted/VE15SHOPS_PAPER.pdf,,,Francis LaRovere; Jonathan Sawin; Katie Gandomi; Emanuela Sherifi,Lorraine Higgins,Venetian population; Neighborhood shops; Tourist stores;  Palteatici and Pianini,,https://sites.google.com/site/ve15shop/,4
Exploring the City of Islands: Interactive Resources for Analyzing the Islands of Venice,B,2015,Student Work | Exploring the City of Islands: Interactive Resources for Analyzing the Venetian Lagoon | ID: ww72bb969 | Digital WPI,,,Georges Gauthier; David McDonald; Jenna O’Connell; Nick Panzarino,Lorraine Higgins,Electronic Isolario,,https://sites.google.com/site/ve15isles/,4
Increasing the Efficiency of Venetian Transport Systems for the Reduction of Moto Ondoso,B,2015,http://www.wpi.edu/Pubs/E-project/Available/E-project-010916-082719/unrestricted/VE15-Wakes_Final_Report.pdf,,,Annabella Goncalves; Nicholaus Jasinski; Alexandre Pauwels; Jacqueline Tedesco,Lorraine Higgins,"Motor boat wakes, reduce wake production; Wakes",,https://sites.google.com/site/ve15wake/,4
Mobility On Venetian Expressways: Alleviating congestion and improving navigation in Venice,B,2015,http://www.wpi.edu/Pubs/E-project/Available/E-project-121815-101353/unrestricted/VE15-Streets_Final_Report.pdf,,,Taylor Flaxington; Rigen Mehilli; Aaron Pepin; Daniel Sturman,Lorraine Higgins,Congestion of tourists; Pedestrian flow,,https://sites.google.com/site/ve15streets2/,4
"Preserving Venice’s Bells and Their Towers
",B,2015,http://www.wpi.edu/Pubs/E-project/Available/E-project-121815-055420/unrestricted/VE15-Bells_Final_Report.doc.pdf,,Curia Patriarcale ,Christopher Bove; Kristin Gallagher; Meghan Hickey; James Honicker,Lorraine Higgins,Bells and bell towers,,https://sites.google.com/site/ve15bell/home,4
Safe and Sustainable Tourism: Managing Venice's Millions of Visitors,B,2015,https://drive.google.com/file/d/0B_RMFHO8ehlvY3lEWVQ1RFFISE0/view?usp=share_link&resourcekey=0-BPd5NKkWbmowyt4cb7rP-w,,,"Christopher J. Connor Jr.; Thomas S. Hanna; William Van Rensselaer; Zachary R. Wingerter
",Lorraine Higgins,Tourism management,,https://sites.google.com/site/ve15tour/,4
The Story of Venice: An Interactive Timeline,B,2015,http://www.wpi.edu/Pubs/E-project/Available/E-project-121815-050337/unrestricted/VE15-Chron_Report.pdf,,,Andrew Baez; August Beers; Anthony Lawinger; Andrew L-Ray,Lorraine Higgins,"Venetian history, Digital timeline application",,https://sites.google.com/site/ve15chron/home,4
"Made in Venice:Past, Present and Future",B,2016,https://web.wpi.edu/Pubs/E-project/Available/E-project-121616-070335/unrestricted/VE16-MADE_FINAL_REPORT_PDF.pdf,,Camera di Commercio ,Nicholas Carabillo; Kelsey Saucier; Alex Shefferman; Emma Sheils,Aaron Deskins,,,https://sites.google.com/site/ve16made/home,4
Preserving Venetian Bell Towers Through Virtual Experiences Documenting the Bells and Bell Towers de Ultra,B,2016,https://web.wpi.edu/Pubs/E-project/Available/E-project-121616-080142/unrestricted/VE16_Bells_Final_Report.pdf,,,Rachel Huntley; Frederick (Ricky) Metters; Obatola Seward-Evans; Frederick (Fritz) Brokaw,Aaron Deskins,,,https://sites.google.com/site/ve16bell/,4
"Recreating the Neighborhood Marketplace
A reproducible business model for a supermarket comprised of local stores",B,2016,https://web.wpi.edu/Pubs/E-project/Available/E-project-121616-100836/unrestricted/VE16Food_FinalReport.pdf,,,Claudia Dufour; Casey Maffucci; Emily Newman; Patrick Wang,Aaron Deskins,,,https://sites.google.com/site/venice16food/,4
"The Boundaries of Venice
Digitally Mapping Historical Venetian Borders and their Modern Day Implications",B,2016,https://web.wpi.edu/Pubs/E-project/Available/E-project-121616-054255/unrestricted/VE16_BOUNDS_Report.pdf,,Archivio di Stato ,"John DeVine, Jr.; Marcus Lundgren; Dimitar Vouldjeff; Jessica Wey",Aaron Deskins,,,https://sites.google.com/site/ve16bound/home,4
Unearthing Patterns in Venetian History:Developing an Online Tool for Discovering Patterns in Subterranean Archaeological Sites,B,2016,https://web.wpi.edu/Pubs/E-project/Available/E-project-011217-000020/unrestricted/VE16-Archeo_Final_Report.pdf,,"Soprintendenza dei Beni culturali , Studio Zandinella",William Godsey; Natalia Kononenko; Xiaozhu Liu; Lucy Stuehrmann ,Aaron Deskins,,,https://sites.google.com/site/ve16archeo/,4
Vacation Rentals and Residential Housing in Venice,B,2016,Student Work | Vacation Rentals and Residential Housing in Venice | ID: bn999737g | Digital WPI,,"Camera di commercio, Comune di Venezia ",Hayley Boigenzahn; Steven Loftin; Dylan Roncati; Andrey Yuzvik,Aaron Deskins,,,https://sites.google.com/site/ve16housing/home,4
"Venice Big Data 
Visualizing the Continuum of Data in Venice",B,2016,https://web.wpi.edu/Pubs/E-project/Available/E-project-121616-115533/unrestricted/BigData-FinalProposal.pdf,,,Joseph Bremner; Austen Couvertier; Frank Egan ,Aaron Deskins,,,https://sites.google.com/site/ve16bigdata/,3
A Greener Venice; An Exploration and Mapping of Green Spaces in the Venice Islands,B,2017,,,,"Drewniak, Nathan P.; Entov, Gabriel; McNamara, Kinsey; Wang, Chenggu",,,,https://sites.google.com/site/ve17greenteam/,4
Developing a Comprehensive Proposal for Tourism Management in Venice,B,2017,Student Work | Developing a Comprehensive Proposal for Tourism Management in Venice | ID: g445cd42r | Digital WPI,,,"Crognale, Joseph G.; Elfenbein, Ari S.; Korn, Justin; Mart, Benjamin G.",,,,https://sites.google.com/site/venice17wise/,4
"Publishing 30 Years of Data on Venice, Creating Infographics Describing the City’s Features",B,2017,https://web.wpi.edu/Pubs/E-project/Available/E-project-121417-100911/unrestricted/VE17-KNOPEN_Report.pdf,,VPC,"Bishop, Griffin R.; Ciccarelli, Drew P.; Dettloff, Kristen E.; Elzey, Christian S.",,,,https://sites.google.com/site/veb17know/,4
Saving Venice's Heritage,B,2017,,,,"Child, Benjamin H.; Mercouris, Victoria N.; Richards, Kyle L.; Sadoyan, Harutyun",,,,https://sites.google.com/site/ve17saveteam/,4
Staying in Venice: Feasibility Study of Housing Startup Casa Peota,B,2017,Student Work | Leveraging Tourist Rentals to Make Housing Affordable for Venetians: A Feasibility Study of Casa Peota and Fairbnb | ID: 12579s98b | Digital WPI,,,"Cerce, John; Moo Feng, (Erick) Zhung Keung; Smith, Samantha A.; Steele, Charles C.",,,,https://sites.google.com/site/ve17stayteam/,4
The Future of Mobility in Venice,B,2017,,,,"Bonina, John W.; Cody, Sean R.; Panicci, Michael A.; Smith, Katherine M. ",,,,https://sites.google.com/site/ve17move/,4
Venice 3.0pen: Venice 30th Anniversary Open Data Project,B,2017,,,VPC,"Schueler, Matthew J.; Spencer, Myles E.; Willoughby, Colin J.; Ying, Jessie X.",,,,https://sites.google.com/site/ve17open/,4
Venice Without Obstacles: Analyzing Accessibility in Venice For Various Disabilities,B,2018,,,SerenDPT; Federico Poletti,"Eliana Abenante; Andrew DeRusha; Michael DiStefano; Stephanie Jones
",Bill Michalson,,,https://sites.google.com/site/ve18acve,4
Venice From Above: An Effort to Preserve Venice’s Bell Towers,B,2018,,,SerenDPT,"Nick Colucci; Candan Iuliano; Fivos Kavassalis; Philippe Lessard
",Bill Michalson,,,https://sites.google.com/site/ve18bells,4
Celebrating 30 Years of the Venice Project Center,B,2018,,,VPC,"Ken Morton; Nicholas Delli Carpini; Elijah Ellis; Sam Hale
",Bill Michalson,,,https://sites.google.com/site/ve1830th/,4
Open For Business: Analyzing Venetian Storefronts,B,2018,,,VPC,"Joe Bartone; Yibin Chen; Stephanie Racca; Keith Scales
",Bill Michalson,,,https://sites.google.com/view/ve18-shops/,4
Tech Mecca in Giudecca: Establishing a Startup Factory,B,2018,,,SerenDPT,"Colin Hiscox; Ryan Lee; Peter Maida; Alexander McMahon
",Bill Michalson,,,https://sites.google.com/site/ve18h3/,4
PreserVenice Launch: A Crowdfunding Solution for Preserving Venetian Heritage,B,2018,,,SenerDPT; Arti.City,Dimitri Berardi; Benjamin Hetherington; Samuel Joy; Katherine Thompson,Bill Michalson,,,https://sites.google.com/view/ve18-pv-2/,4
Exploring Urban Permaculture: Initializing a Path to a Greener Venice,B,2018,,,SerenDPT; F.U.D. (Fattoria Urbana Diffusa),Alex Jordan; Rachel Manca; Kevin O'Driscoll,Bill Michalson,,,https://sites.google.com/site/ve18food/,3
,,,,,,,,,,,784